ssv,name,g300 ,g50 ,g10 ,p50 ,p25 ,p10 
1.19.0.01.001,Aarau Arbeiterschützen,4,,,,,
1.19.0.01.004,Aarau Schützengesellschaft,1,3,,2,1,1
1.19.0.10.006,Aarburg Kleinkalibersektion,,2,,,,
1.19.0.10.007,Aarburg Pistolenclub,,,,2,2,1
1.19.0.08.008,"Abtwil-Oberrüti, Schiesssportverein",3,,,,,
1.19.0.07.009,Ammerswil Schützengesellschaft,2,,,,,
1.19.0.08.011,Aristau Schiessverein,3,,,,,
1.19.0.10.014,Attelwil Feldschützengesellschaft,4,,,,,
1.19.0.04.015,Auenstein Feldschützen,4,,,,,
1.19.0.04.005,Auenstein Sportschützen,,3,,,,
1.19.0.02.020,Baden Schützengesellschaft der Stadt,3,,,2,2,1
1.19.0.05.026,Beinwil am See Schützengesellschaft,1,,,,,
1.19.0.08.024,Beinwil/Freiamt Feldschützen,1,,,,,
1.19.0.08.028,Benzenschwil Feldschützengesellschaft,3,,,,,
1.19.0.02.029,Bergdietikon Schützengesellschaft,3,,,,,
1.19.0.03.030,Berikon Feldschützen,3,,3,,,
1.19.0.08.032,Bettwil Feldschützengesellschaft,3,,,,,
1.19.0.02.034,Birmenstorf AG Schützengesellschaft,4,,,,,
1.19.0.04.036,Birrhard Schützengesellschaft,3,,,,,
1.19.0.08.042,Boswil Schützengesellschaft,1,,,,,
1.19.0.05.095,Brandholz Schützenverein,2,,,,,
1.19.0.03.045,"Bremgarten AG, Schützengesellschaft",3,,,2,2,1
1.19.0.04.049,"Brugg, Schiesssportgesellschaft Brugg-Windisch",4,2,3,2,2,1
1.19.0.01.064,Buchs AG Pistolenschützen,,,,3,2,1
1.19.0.01.052,Buchs AG Schützenbund,1,2,1,,,
1.19.0.08.058,Buttwil-Geltwil Feldschützen,2,,,,,
1.19.0.11.038,Böbikon Feldschützengesellschaft,4,,,,,
1.19.0.02.053,Büblikon Freischützen,1,,,,,
1.19.0.08.054,Bünzen Schützengesellschaft,2,,,,,
1.19.0.03.055,Büttikon Feldwaffenverein,4,,,,,
1.19.0.07.167,Chestenberg Schützenverein,3,,3,,,
1.19.0.01.013,Densbüren Asp Schützengesellschaft,4,3,3,3,2,1
1.19.0.08.061,Dietwil Feldschützengesellschaft,1,,,,,
1.19.0.07.062,Dintikon Feldschützen,2,,2,,,
1.19.0.11.063,Döttingen Schützengesellschaft,2,,,,,
1.19.0.05.066,Dürrenäsch Schützengesellschaft,2,,,,,
1.19.0.02.075,Ehrendingen Lägernschützen Ehrendingen-Ennetbaden,1,,,,,
1.19.0.06.071,Eiken Feldschützen,3,,,,,
1.19.0.11.331,"Endingen Pistolenclub, Homrig",,,,2,1,1
1.19.0.02.359,Ennetbaden Pistolensektion,,,,1,1,
1.19.0.01.076,Erlinsbach Schützengesellschaft,3,,,,,
1.19.0.07.329,Fahrwangen Pistolenclub,,,,1,1,1
1.19.0.03.080,Fischbach-Göslikon Schützengesellschaft Freiheit,4,,,,,
1.19.0.03.011,Fischbach-Göslikon Sportschützen,,1,,,,
1.19.0.02.082,Fislisbach Schützengesellschaft,1,2,,,,
1.19.0.02.083,Freienwil Freier Schiessverein,2,,,,,
1.19.0.06.085,Frick Freier Schiessverein,1,,,,,
1.19.0.06.086,Frick Sportschützen,,1,1,2,2,1
1.19.0.11.087,Full-Reuenthal Schiessverein,2,,,,,
1.19.0.06.088,Gansingen Schiessverein,1,,,,,
1.19.0.02.216,Gebenstorf Feldschützengesellschaft Reuss,3,,,,,
1.19.0.02.090,Gebenstorf Freischützen,3,,,,,
1.19.0.06.015,Gipf-Oberfrick Kleinkaliberschützen,,2,,,,
1.19.0.11.016,Gippingen Schützen Gippingen,4,3,,3,2,1
1.19.0.01.095,Gränichen Schützengesellschaft,3,,,3,2,1
1.19.0.04.096,Habsburg Schützengesellschaft,3,,,,,
1.19.0.05.099,Hallwil Schützengesellschaft,3,,,,,
1.19.0.04.100,Hausen AG Feldschützengesellschaft,3,,,,,
1.19.0.07.102,Hendschiken Schützengesellschaft,3,,,,,
1.19.0.06.018,Herznach Kleinkaliberschützen,,2,,,,
1.19.0.06.104,Herznach-Ueken Schützenverein,3,,,,,
1.19.0.03.105,Hilfikon Schützengesellschaft,3,,3,,,
1.19.0.01.106,Hirschthal Schützengesellschaft,4,,,,,
1.19.0.07.107,Holderbank Freier Schiessverein,3,,,,,
1.19.0.02.073,Homrig Endingen Würenlingen Schützengesellschaft,2,3,,,,
1.19.0.06.109,Hornussen Feldschützen,2,,,,,
1.19.0.07.111,Hunzenschwil Schützengesellschaft,4,,,,,
1.19.0.03.113,Islisberg Schützengesellschaft,4,,,,,
1.19.0.03.112,Jonen Schützengesellschaft,2,,,,,
1.19.0.11.116,Kaiserstuhl & Umgebung Pistolenklub,,,,2,2,1
1.19.0.11.117,Kaiserstuhl - Fisibach Schützengesellschaft,3,,,,,
1.19.0.06.118,Kaisten Feldschützen,1,,,,,
1.19.0.11.123,Klingnau Pontonierschützen,4,,,,,
1.19.0.11.125,Klingnau Schützengesellschaft,3,,,1,2,1
1.19.0.10.128,Kölliken Militärschiessverein,3,,,,,
1.19.0.10.129,Kölliken Pistolenschützen,,,,1,1,1
1.19.0.10.019,Kölliken Sportschützen,,3,2,,,
1.19.0.10.130,"Kölliken-Holziken, Schützenverein Schorüti",3,,,,,
1.19.0.01.134,Küttigen Schützengesellschaft,3,,,,,
1.19.0.06.135,Laufenburg Stadtschützen,,3,,3,2,
1.19.0.04.136,Lauffohr Schützengesellschaft,2,,,,,
1.19.0.11.137,Leibstadt Schiessverein,2,,,,,
1.19.0.05.139,"Leimbach AG, Schützengesellschaft",4,,,,,
1.19.0.11.140,Lengnau AG Schützengesellschaft,3,,,,,
1.19.0.07.141,Lenzburg Schützengesellschaft,3,3,3,1,1,1
1.19.0.11.142,Leuggern Schützengesellschaft,3,,,,,
1.19.0.11.143,Leuggern SV historischer Waffen,4,,,3,2,1
1.19.0.05.143,Leutwil Schützengesellschaft,1,,,,,
1.19.0.04.146,Lupfig Pist.-& Rev.-Klub Eigenamt,,,,2,1,1
1.19.0.09.150,"Magden, Schützen Magden",4,,,,,
1.19.0.07.153,Meisterschwanden Militärschiessverein,2,,,,,
1.19.0.02.156,"Mellingen, Schiesssportverein",3,,,,,
1.19.0.11.157,Mellstorf Schützengesellschaft,4,,,,,
1.19.0.05.025,Menziken-Burg Sportschützen,,1,3,,,
1.19.0.08.160,Merenschwand Schützenverein St. Sebastian,3,,,,,
1.19.0.06.026,Mettauertal Sportschützen,,1,2,,,
1.19.0.01.029,Muhen Sportschützen,,3,2,,,
1.19.0.10.364,Murgenthal Pistolensektion,,,,3,2,1
1.19.0.10.055,Murgenthal Sportschützen,,,1,,,
1.19.0.10.177,Murgenthal-Balzenwil Schützengesellschaft,3,,,,,
1.19.0.08.179,"Muri AG, Schiesssportverein",4,2,,2,2,1
1.19.0.08.023,Muri-Freiamt Luftgewehrschützen,,,2,,,
1.19.0.10.149,Mättenwil Schiessverein,3,,,,,
1.19.0.09.164,Möhlin Pistolenschützen,,,,2,2,1
1.19.0.09.163,Möhlin Schützengesellschaft,2,,,,,
1.19.0.08.169,Mühlau Feldschützen,2,,,,,
1.19.0.02.181,Neuenhof Schützengesellschaft,2,,,1,1,1
1.19.0.02.183,Niederrohrdorf Schützenbund,4,,3,,,
1.19.0.03.366,"Niederwil AG, Pistolenschützen",,,,3,2,1
1.19.0.03.180,Niederwil-Nesselnbach Schiesssportverein,3,,,,,
1.19.0.04.185,Oberbözberg Schützengesellschaft,3,,,,,
1.19.0.01.189,Oberentfelden Schützengesellschaft,1,3,,2,2,1
1.19.0.06.191,Oberhof Feldschützen,3,,,,,
1.19.0.05.194,Oberkulm Schützenverein,2,,,,,
1.19.0.03.195,Oberlunkhofen Freischützengesellschaft,4,,,,,
1.19.0.09.196,Obermumpf Schiessverein,4,,,,,
1.19.0.02.368,Obersiggenthal Pistolensektion,,,,2,1,1
1.19.0.02.122,Obersiggenthal Schiesssportverein,1,,3,,,
1.19.0.03.144,Oberwil-Lieli Schützengesellschaft,2,,,,,
1.19.0.06.202,Oberzeihen Schützenverein Helvetia,3,,,,,
1.19.0.06.203,Oeschgen Schützengesellschaft,1,,,,,
1.19.0.10.131,Oftringen Pistolenschützen,,,,2,2,1
1.19.0.10.132,Oftringen-Küngoldingen Schützengesellschaft,2,,,,,
1.19.0.07.207,Othmarsingen Schützengesellschaft,3,,,,,
1.19.0.05.210,Reinach AG Schützengesellschaft,4,2,,3,2,1
1.19.0.02.213,Remetschwil Schützengesellschaft,3,,,,,
1.19.0.04.214,Remigen Schiessverein Geissberg,4,,,,,
1.19.0.09.217,Rheinfelden Schützenverein,3,,1,3,2,1
1.19.0.11.220,"Rietheim-Koblenz, Schützengesellschaft",4,,,,,
1.19.0.04.372,Riniken Pistolensektion,,,,2,2,1
1.19.0.04.221,Riniken Schützengesellschaft,4,,,,,
1.19.0.01.222,Rohr Schützengesellschaft,3,,,,,
1.19.0.10.224,Rothrist Feldschützengesellschaft,2,,,,,
1.19.0.10.226,Rothrist Pistolenclub,,,,3,2,1
1.19.0.10.223,"Rothrist, Arbeiter-Schiess-Verein",3,,,,,
1.19.0.08.228,Rottenschwil-Besenbüren Schiesssportverein,3,,,,,
1.19.0.03.229,Rudolfstetten-Friedlisberg Feldschützenges.,4,,,,,
1.19.0.07.233,Rupperswil Freier Schiessverein,3,,3,,,
1.19.0.07.349,Rupperswil Pistolenclub,,,,1,1,1
1.19.0.04.230,Rüfenach Schützengesellschaft,4,,,,,
1.19.0.10.234,Safenwil Schützengesellschaft,2,,,,,
1.19.0.03.235,Sarmenstorf Pistolenclub,,,,2,2,1
1.19.0.04.238,Scherz-Schinznach-Bad Feldschützen,4,,,,,
1.19.0.03.065,Schiesssportverein Hägglingen-Dottikon,2,,,,,
1.19.0.04.239,Schinznach-Dorf Schützengesellschaft,4,,,,,
1.19.0.05.243,Schmiedrued-Walde Freischützengesellschaft,4,,,,,
1.19.0.11.244,Schneisingen Schiessverein,3,,,,,
1.19.0.01.033,Schützen Club Biber,3,,,,,
1.19.0.05.250,Seengen Sportschützen,2,3,,,,
1.19.0.07.251,Seon Schützengesellschaft,1,,3,,,
1.19.0.02.037,Siggenthal Sportschützen,,1,1,,,
1.19.0.08.254,Sins Schützengesellschaft,3,,,,,
1.19.0.02.332,Spreitenbach Pistolenschützen,,,,1,1,1
1.19.0.02.256,Spreitenbach Schiessverein,1,,,,,
1.19.0.10.257,Staffelbach Schützengesellschaft,3,,,,,
1.19.0.07.166,Staufberg Pistolenschützen,,,,2,2,1
1.19.0.07.259,Staufen Schützengesellschaft,3,,,,,
1.19.0.09.261,Stein-Münchwilen Schützengesellschaft,3,2,,2,2,1
1.19.0.10.264,Strengelbach Schützengesellschaft,2,,,,,
1.19.0.10.382,"Strengelbach, Pistolen-Sektion",,,,3,2,1
1.19.0.01.260,Suhr Pistolensektion,,,,1,1,1
1.19.0.01.042,Suhr Sportschützen,,1,2,,,
1.19.0.06.267,"Sulz, Talschützen",2,2,,,,
1.19.0.11.270,Tegerfelden Schützengesellschaft,2,,,,,
1.19.0.07.271,Tennwil Feldschützen,3,,,,,
1.19.0.05.272,Teufenthal Pistolenclub,,,,3,2,1
1.19.0.05.044,Teufenthal Sportschützen,,1,,,,
1.19.0.04.274,Thalheim Feldschützen,4,,,,,
1.19.0.03.269,Tägerig Schützengesellschaft,3,,3,,,
1.19.0.03.279,"Uezwil, Schützengesellschaft Uezwil-Sarmenstorf",3,,,,,
1.19.0.03.286,Unterlunkhofen Feldschützengesellschaft,3,,,,,
1.19.0.02.288,Untersiggenthal Schützengesellschaft,2,,,,,
1.19.0.04.290,Villigen Schützengesellschaft,2,,,,,
1.19.0.03.291,Villmergen Schützengesellschaft,4,2,,,,
1.19.0.04.330,Villnachern Pistolenclub,4,,,3,2,1
1.19.0.02.295,Vogelsang Schützengesellschaft,3,,,,,
1.19.0.09.297,Wallbach Schützenbund,3,,,,,
1.19.0.08.298,Waltenschwil Feldschützengesellschaft,1,,,,,
1.19.0.09.299,Wegenstetten Feldschützen,3,,,,,
1.19.0.02.301,Wettingen Schiesssportverein,2,,,,,
1.19.0.02.046,Wettingen-Würenlos Sportschützen,,3,1,,,
1.19.0.03.305,Widen-Hasenberg Feldschützengesellschaft,3,,,,,
1.19.0.06.306,Wil / Mettauertal Schützengesellschaft,3,,,,,
1.19.0.10.307,Wiliberg-Hintermoos Schützengesellschaft,3,,,,,
1.19.0.06.311,Wittnau - Kienberg Feldschützen,2,,,,,
1.19.0.03.377,Wohlen Pistolensektion der Standschützen,,,,2,1,1
1.19.0.03.047,Wohlen Sportschützen,,3,1,,,
1.19.0.06.313,Wölflinswil Schützengesellschaft,2,,,,,
1.19.0.02.318,Würenlos Schützengesellschaft,3,3,3,3,2,1
1.19.0.06.319,Zeihen Schützenbund,2,,,,,
1.19.0.09.320,Zeiningen Schützenverein,3,,,,,
1.19.0.05.321,Zetzwil Schützengesellschaft,3,,,,,
1.19.0.10.323,Zofingen Schützengesellschaft,3,,,1,1,1
1.19.0.03.051,Zufikon Luftgewehrschützen,,,3,,,
1.19.0.03.326,Zufikon Schützengesellschaft,3,,,,,
1.19.0.11.327,Zurzach Schützengesellschaft,3,,,2,2,1
1.19.0.09.328,Zuzgen Schützengesellschaft,3,,,,,
